{
  "BENIGN": [
    53.0,
    167.0,
    2.0,
    2.0,
    90.0,
    122.0,
    45.0,
    45.0,
    45.0,
    0.0,
    61.0,
    61.0,
    61.0,
    0.0,
    1269461.078,
    23952.09581,
    55.66666667,
    91.22134253,
    161.0,
    3.0,
    3.0,
    3.0,
    0.0,
    3.0,
    3.0,
    3.0,
    3.0,
    0.0,
    3.0,
    3.0,
    0.0,
    0.0,
    0.0,
    0.0,
    64.0,
    64.0,
    11976.0479,
    11976.0479,
    45.0,
    61.0,
    51.4,
    8.76356092,
    76.8,
    0.0,
    0.0,
    0.0,
    0.0,
    0.0,
    0.0,
    0.0,
    0.0,
    1.0,
    64.25,
    45.0,
    61.0,
    64.0,
    0.0,
    0.0,
    0.0,
    0.0,
    0.0,
    0.0,
    2.0,
    90.0,
    2.0,
    122.0,
    -1.0,
    -1.0,
    1.0,
    32.0,
    0.0,
    0.0,
    0.0,
    0.0,
    0.0,
    0.0,
    0.0,
    0.0
  ],
  "PortScan": [
    1074.0,
    79.0,
    1.0,
    1.0,
    2.0,
    6.0,
    2.0,
    2.0,
    2.0,
    0.0,
    6.0,
    6.0,
    6.0,
    0.0,
    101265.8228,
    25316.4557,
    79.0,
    0.0,
    79.0,
    79.0,
    0.0,
    0.0,
    0.0,
    0.0,
    0.0,
    0.0,
    0.0,
    0.0,
    0.0,
    0.0,
    0.0,
    0.0,
    0.0,
    0.0,
    24.0,
    20.0,
    12658.22785,
    12658.22785,
    2.0,
    6.0,
    3.333333333,
    2.309401077,
    5.333333333,
    0.0,
    0.0,
    0.0,
    1.0,
    0.0,
    0.0,
    0.0,
    0.0,
    1.0,
    5.0,
    2.0,
    6.0,
    24.0,
    0.0,
    0.0,
    0.0,
    0.0,
    0.0,
    0.0,
    1.0,
    2.0,
    1.0,
    6.0,
    1024.0,
    0.0,
    0.0,
    24.0,
    0.0,
    0.0,
    0.0,
    0.0,
    0.0,
    0.0,
    0.0,
    0.0
  ],
  "DDoS": [
    80.0,
    1687762.0,
    3.0,
    6.0,
    26.0,
    11601.0,
    20.0,
    0.0,
    8.666666667,
    10.26320288,
    5840.0,
    0.0,
    1933.5,
    2201.078258,
    6889.004492,
    5.332505412,
    210970.25,
    581060.4816,
    1648635.0,
    3.0,
    38600.0,
    19300.0,
    27290.07911,
    38597.0,
    3.0,
    1687754.0,
    337550.8,
    733107.783,
    1648635.0,
    133.0,
    0.0,
    0.0,
    0.0,
    0.0,
    72.0,
    132.0,
    1.777501804,
    3.555003608,
    0.0,
    5840.0,
    1162.7,
    1918.795458,
    3681776.011,
    0.0,
    0.0,
    0.0,
    1.0,
    0.0,
    0.0,
    0.0,
    0.0,
    2.0,
    1291.888889,
    8.666666667,
    1933.5,
    72.0,
    0.0,
    0.0,
    0.0,
    0.0,
    0.0,
    0.0,
    3.0,
    26.0,
    6.0,
    11601.0,
    8192.0,
    229.0,
    2.0,
    20.0,
    0.0,
    0.0,
    0.0,
    0.0,
    0.0,
    0.0,
    0.0,
    0.0
  ],
  "BruteForce": [
    22.0,
    78.0,
    1.0,
    1.0,
    0.0,
    0.0,
    0.0,
    0.0,
    0.0,
    0.0,
    0.0,
    0.0,
    0.0,
    0.0,
    0.0,
    25641.02564,
    78.0,
    0.0,
    78.0,
    78.0,
    0.0,
    0.0,
    0.0,
    0.0,
    0.0,
    0.0,
    0.0,
    0.0,
    0.0,
    0.0,
    0.0,
    0.0,
    0.0,
    0.0,
    32.0,
    32.0,
    12820.51282,
    12820.51282,
    0.0,
    0.0,
    0.0,
    0.0,
    0.0,
    0.0,
    0.0,
    0.0,
    0.0,
    1.0,
    1.0,
    0.0,
    0.0,
    1.0,
    0.0,
    0.0,
    0.0,
    32.0,
    0.0,
    0.0,
    0.0,
    0.0,
    0.0,
    0.0,
    1.0,
    0.0,
    1.0,
    0.0,
    259.0,
    247.0,
    0.0,
    32.0,
    0.0,
    0.0,
    0.0,
    0.0,
    0.0,
    0.0,
    0.0,
    0.0
  ],
  "Bot": [
    8080.0,
    1046781.0,
    3.0,
    3.0,
    0.0,
    18.0,
    0.0,
    0.0,
    0.0,
    0.0,
    6.0,
    6.0,
    6.0,
    0.0,
    17.19557386,
    5.731857953,
    209356.2,
    285836.9474,
    528026.0,
    475.0,
    1046306.0,
    523153.0,
    8127.485343,
    528900.0,
    517406.0,
    1045907.0,
    522953.5,
    7940.102046,
    528568.0,
    517339.0,
    0.0,
    0.0,
    0.0,
    0.0,
    92.0,
    60.0,
    2.865928977,
    2.865928977,
    0.0,
    6.0,
    2.571428571,
    3.207134903,
    10.28571429,
    0.0,
    0.0,
    0.0,
    1.0,
    0.0,
    0.0,
    0.0,
    0.0,
    1.0,
    3.0,
    0.0,
    6.0,
    92.0,
    0.0,
    0.0,
    0.0,
    0.0,
    0.0,
    0.0,
    3.0,
    0.0,
    3.0,
    18.0,
    8192.0,
    0.0,
    0.0,
    28.0,
    0.0,
    0.0,
    0.0,
    0.0,
    0.0,
    0.0,
    0.0,
    0.0
  ],
  "WebAttack": [
    80.0,
    8924975.0,
    4.0,
    4.0,
    602.0,
    364.0,
    602.0,
    0.0,
    150.5,
    301.0,
    364.0,
    0.0,
    91.0,
    182.0,
    108.2355973,
    0.896361054,
    1274996.429,
    2198280.651,
    5003948.0,
    157.0,
    3921027.0,
    1307009.0,
    2259383.808,
    3915920.0,
    899.0,
    8924801.0,
    2974933.667,
    2630174.845,
    5004496.0,
    3503.0,
    0.0,
    0.0,
    0.0,
    0.0,
    136.0,
    136.0,
    0.448180527,
    0.448180527,
    0.0,
    602.0,
    107.3333333,
    221.137966,
    48902.0,
    0.0,
    0.0,
    0.0,
    1.0,
    0.0,
    0.0,
    0.0,
    0.0,
    1.0,
    120.75,
    150.5,
    91.0,
    136.0,
    0.0,
    0.0,
    0.0,
    0.0,
    0.0,
    0.0,
    4.0,
    602.0,
    4.0,
    364.0,
    29200.0,
    236.0,
    1.0,
    32.0,
    0.0,
    0.0,
    0.0,
    0.0,
    0.0,
    0.0,
    0.0,
    0.0
  ],
  "DoS": [
    80.0,
    84816121.0,
    5.0,
    6.0,
    325.0,
    11595.0,
    313.0,
    0.0,
    65.0,
    138.6686699,
    10136.0,
    0.0,
    1932.5,
    4060.245892,
    140.5393203,
    0.129692326,
    8481612.1,
    26700000.0,
    84600000.0,
    3.0,
    84600000.0,
    21200000.0,
    42300000.0,
    84600000.0,
    3.0,
    84800000.0,
    17000000.0,
    37800000.0,
    84600000.0,
    62.0,
    0.0,
    0.0,
    0.0,
    0.0,
    144.0,
    200.0,
    0.058951057,
    0.070741269,
    0.0,
    10136.0,
    993.8333333,
    2908.935164,
    8461903.788,
    1.0,
    0.0,
    0.0,
    0.0,
    0.0,
    0.0,
    0.0,
    0.0,
    1.0,
    1084.181818,
    65.0,
    1932.5,
    144.0,
    0.0,
    0.0,
    0.0,
    0.0,
    0.0,
    0.0,
    5.0,
    325.0,
    6.0,
    11595.0,
    0.0,
    235.0,
    2.0,
    20.0,
    11969.0,
    0.0,
    11969.0,
    11969.0,
    84600000.0,
    0.0,
    84600000.0,
    84600000.0
  ]
}